,TIME,LOCATION,Spending_USD,Life_Expectancy
0,1970,AUT,173.391,70.03333333333333
1,1970,BEL,149.573,71.03333333333335
2,1970,CHE,326.524,73.13333333333334
3,1970,DEU,252.311,70.56666666666666
4,1970,ESP,82.955,72.0
5,1970,FIN,151.817,70.76666666666667
6,1970,FRA,192.143,72.16666666666667
7,1970,GBR,123.993,71.86666666666667
8,1970,IRL,115.833,71.16666666666667
9,1970,ISL,166.011,73.93333333333334
10,1970,JPN,150.437,72.0
11,1970,KOR,19.004,62.26666666666667
12,1970,NOR,154.229,74.33333333333333
13,1970,NZL,215.232,71.5
14,1970,PRT,44.603,66.66666666666667
15,1970,SWE,272.052,74.76666666666667
16,1970,USA,326.961,70.86666666666666
17,1971,AUS,212.545,71.6
18,1971,AUT,189.271,70.23333333333333
19,1971,BEL,164.899,71.13333333333334
20,1971,CAN,313.391,72.85
21,1971,CHE,376.997,73.26666666666667
22,1971,DEU,298.251,70.76666666666667
23,1971,DNK,338.013,73.3
24,1971,FIN,172.952,70.06666666666666
25,1971,GBR,134.172,71.89999999999999
26,1971,ISL,221.847,73.60000000000001
27,1971,JPN,163.854,72.89999999999999
28,1971,KOR,18.093,62.699999999999996
29,1971,NOR,179.495,74.39999999999999
30,1971,NZL,227.155,71.56666666666666
31,1971,PRT,54.359,66.39999999999999
32,1971,SWE,306.49,74.73333333333333
33,1971,USA,357.988,71.16666666666667
34,1972,AUS,226.524,72.0
35,1972,AUT,209.236,70.60000000000001
36,1972,BEL,186.303,71.46666666666667
37,1972,CHE,405.847,73.76666666666667
38,1972,DEU,337.364,70.96666666666665
39,1972,DNK,369.393,73.39999999999999
40,1972,FIN,194.903,70.73333333333333
41,1972,ISL,243.389,74.46666666666667
42,1972,JPN,185.39,73.2
43,1972,KOR,18.275,63.1
44,1972,NLD,308.727,73.8
45,1972,NOR,208.148,74.56666666666666
46,1972,NZL,252.413,71.7
47,1972,PRT,77.37,68.36666666666667
48,1972,SWE,331.467,74.8
49,1972,USA,397.097,71.23333333333333
50,1973,AUS,251.085,72.05
51,1973,AUT,237.846,71.13333333333333
52,1973,BEL,224.438,71.7
53,1973,CHE,440.605,74.06666666666666
54,1973,DEU,384.541,71.26666666666667
55,1973,DNK,397.066,73.56666666666666
56,1973,FIN,215.228,71.2
57,1973,ISL,257.902,74.5
58,1973,JPN,205.778,73.36666666666667
59,1973,KOR,18.824,63.5
60,1973,NLD,341.928,74.2
61,1973,NOR,237.436,74.66666666666667
62,1973,NZL,296.855,71.8
63,1973,PRT,97.447,67.53333333333333
64,1973,SWE,359.492,74.96666666666667
65,1973,USA,439.302,71.43333333333334
66,1974,AUS,306.927,71.9
67,1974,AUT,283.17,71.13333333333334
68,1974,BEL,257.393,72.03333333333333
69,1974,CHE,508.283,74.43333333333334
70,1974,DEU,452.744,71.5
71,1974,DNK,458.78,73.93333333333334
72,1974,FIN,244.709,71.16666666666667
73,1974,ISL,338.315,74.53333333333335
74,1974,JPN,242.018,73.73333333333333
75,1974,KOR,18.82,63.9
76,1974,NLD,398.643,74.6
77,1974,NOR,273.161,75.03333333333335
78,1974,NZL,356.185,71.96666666666665
79,1974,PRT,111.447,68.13333333333334
80,1974,SWE,420.151,75.06666666666666
81,1974,USA,495.114,72.03333333333335
82,1975,AUS,374.393,72.7
83,1975,AUT,387.066,71.26666666666667
84,1975,BEL,335.34,72.03333333333333
85,1975,CHE,585.067,74.83333333333333
86,1975,DEU,532.481,71.36666666666667
87,1975,DNK,508.814,74.2
88,1975,ESP,185.557,73.39999999999999
89,1975,FIN,285.659,71.66666666666667
90,1975,FRA,363.61,72.96666666666667
91,1975,ISL,359.105,75.60000000000001
92,1975,JPN,284.269,74.3
93,1975,KOR,31.486,64.23333333333333
94,1975,NLD,452.864,74.60000000000001
95,1975,NOR,327.695,75.06666666666666
96,1975,NZL,404.623,72.10000000000001
97,1975,PRT,149.609,68.36666666666666
98,1975,SWE,501.941,75.10000000000001
99,1975,TUR,41.765,56.1
100,1975,USA,560.75,72.66666666666667
101,1976,AUS,406.043,72.8
102,1976,AUT,439.489,71.7
103,1976,BEL,384.687,72.2
104,1976,CAN,543.337,73.85
105,1976,CHE,636.796,74.93333333333334
106,1976,DEU,591.098,71.8
107,1976,DNK,559.687,73.83333333333333
108,1976,ESP,222.183,73.7
109,1976,FIN,321.467,71.96666666666665
110,1976,ISL,381.289,77.0
111,1976,JPN,303.725,74.8
112,1976,KOR,37.849,64.6
113,1976,LUX,341.891,70.73333333333333
114,1976,NLD,492.089,74.7
115,1976,NOR,368.994,75.26666666666667
116,1976,NZL,405.967,72.26666666666667
117,1976,PRT,158.575,68.96666666666665
118,1976,SWE,560.537,75.06666666666666
119,1976,TUR,37.807,56.46666666666667
120,1976,USA,638.851,72.93333333333334
121,1977,AUS,450.142,73.35
122,1977,AUT,486.171,72.06666666666666
123,1977,BEL,446.148,72.83333333333333
124,1977,CHE,690.441,75.43333333333334
125,1977,DEU,647.352,72.46666666666667
126,1977,DNK,591.367,74.8
127,1977,ESP,252.866,74.16666666666667
128,1977,FIN,350.175,72.4
129,1977,ISL,451.882,76.39999999999999
130,1977,JPN,340.628,75.33333333333333
131,1977,KOR,41.723,65.0
132,1977,LUX,384.411,72.16666666666667
133,1977,NLD,541.464,75.3
134,1977,NOR,421.963,75.66666666666667
135,1977,NZL,436.397,72.46666666666665
136,1977,PRT,158.057,70.06666666666666
137,1977,SWE,648.788,75.53333333333335
138,1977,TUR,55.541,56.9
139,1977,USA,726.241,73.33333333333333
140,1978,AUS,483.297,73.7
141,1978,AUT,545.92,72.16666666666667
142,1978,BEL,502.708,72.76666666666667
143,1978,CHE,764.246,75.36666666666667
144,1978,DEU,729.457,72.39999999999999
145,1978,DNK,659.843,74.53333333333333
146,1978,ESP,276.854,74.36666666666667
147,1978,FIN,380.409,73.03333333333333
148,1978,IRL,342.642,71.5
149,1978,ISL,557.895,76.66666666666667
150,1978,JPN,392.577,75.66666666666667
151,1978,KOR,53.136,65.3
152,1978,LUX,458.135,72.03333333333333
153,1978,NLD,605.118,75.26666666666667
154,1978,NOR,503.217,75.73333333333333
155,1978,NZL,503.71,72.7
156,1978,PRT,179.873,70.5
157,1978,SWE,694.669,75.60000000000001
158,1978,TUR,61.946,57.300000000000004
159,1978,USA,808.884,73.46666666666665
160,1979,AUS,526.757,74.3
161,1979,AUT,624.629,72.46666666666665
162,1979,BEL,562.939,73.26666666666667
163,1979,CAN,692.269,75.1
164,1979,CHE,843.331,75.66666666666667
165,1979,DEU,800.703,72.76666666666667
166,1979,DNK,739.095,74.33333333333333
167,1979,ESP,296.83,74.93333333333334
168,1979,FIN,434.11,73.23333333333333
169,1979,IRL,395.014,72.26666666666667
170,1979,JPN,452.931,76.2
171,1979,KOR,80.144,65.63333333333334
172,1979,LUX,524.174,72.73333333333333
173,1979,NLD,674.308,75.7
174,1979,NOR,525.509,75.7
175,1979,NZL,508.089,72.89999999999999
176,1979,PRT,191.184,71.3
177,1979,SWE,772.614,75.63333333333333
178,1979,TUR,68.975,57.699999999999996
179,1979,USA,908.963,73.89999999999999
180,1980,AUS,592.397,74.55
181,1980,AUT,710.874,72.60000000000001
182,1980,BEL,592.436,73.3
183,1980,CAN,791.812,75.23333333333333
184,1980,CHE,960.567,75.66666666666667
185,1980,DEU,908.166,72.89999999999999
186,1980,DNK,797.086,74.23333333333333
187,1980,ESP,330.297,75.43333333333334
188,1980,FIN,492.762,73.63333333333334
189,1980,FRA,659.826,74.3
190,1980,GBR,385.099,73.2
191,1980,IRL,475.486,72.86666666666666
192,1980,ISL,721.81,76.89999999999999
193,1980,JPN,535.016,76.10000000000001
194,1980,KOR,91.64,66.13333333333334
195,1980,LUX,597.923,72.8
196,1980,NLD,750.628,75.86666666666667
197,1980,NOR,608.152,75.83333333333333
198,1980,NZL,500.307,73.16666666666667
199,1980,PRT,255.535,71.43333333333334
200,1980,SWE,898.269,75.86666666666666
201,1980,TUR,73.429,58.06666666666666
202,1980,USA,1036.3,73.7
203,1981,AUS,668.212,74.86666666666667
204,1981,AUT,659.718,72.93333333333334
205,1981,BEL,668.863,73.7
206,1981,CAN,898.807,75.46666666666667
207,1981,CHE,1068.338,75.89999999999999
208,1981,DEU,1014.713,73.16666666666667
209,1981,DNK,871.592,74.36666666666666
210,1981,ESP,360.758,75.66666666666667
211,1981,FIN,554.428,73.93333333333334
212,1981,GBR,433.957,73.8
213,1981,IRL,491.625,72.86666666666666
214,1981,ISL,822.528,76.53333333333335
215,1981,JPN,603.965,76.46666666666665
216,1981,KOR,107.636,66.66666666666667
217,1981,LUX,654.62,72.60000000000001
218,1981,NLD,808.222,76.0
219,1981,NOR,677.42,76.03333333333335
220,1981,NZL,563.139,73.4
221,1981,PRT,289.173,71.73333333333333
222,1981,SWE,965.897,76.16666666666667
223,1981,TUR,90.39,58.5
224,1981,USA,1191.537,74.10000000000001
225,1982,AUS,705.505,74.66666666666667
226,1982,AUT,704.081,73.10000000000001
227,1982,BEL,741.748,73.96666666666665
228,1982,CAN,996.086,75.60000000000001
229,1982,CHE,1146.744,76.23333333333333
230,1982,DEU,1044.528,73.46666666666667
231,1982,DNK,956.108,74.7
232,1982,ESP,389.049,76.26666666666667
233,1982,FIN,608.69,74.56666666666666
234,1982,GBR,448.477,74.06666666666666
235,1982,IRL,516.647,72.86666666666666
236,1982,ISL,925.273,77.06666666666666
237,1982,JPN,664.777,76.93333333333334
238,1982,KOR,120.406,67.2
239,1982,LUX,682.382,72.66666666666667
240,1982,NLD,865.857,76.06666666666666
241,1982,NOR,736.7,76.16666666666667
242,1982,NZL,595.608,73.56666666666666
243,1982,PRT,315.546,72.5
244,1982,SWE,1023.743,76.46666666666667
245,1982,TUR,80.066,58.9
246,1982,USA,1329.669,74.46666666666665
247,1983,AUS,757.41,75.43333333333334
248,1983,AUT,736.373,73.16666666666667
249,1983,BEL,786.153,73.93333333333334
250,1983,CAN,1066.746,75.93333333333334
251,1983,CHE,1252.064,76.2
252,1983,DEU,1104.594,73.76666666666667
253,1983,DNK,1003.394,74.56666666666666
254,1983,ESP,420.609,76.03333333333333
255,1983,FIN,659.054,74.43333333333334
256,1983,GBR,501.924,74.3
257,1983,ISL,984.268,76.86666666666666
258,1983,JPN,714.857,77.0
259,1983,KOR,136.946,67.66666666666667
260,1983,LUX,709.5,73.5
261,1983,NLD,906.974,76.26666666666667
262,1983,NOR,811.405,76.23333333333333
263,1983,NZL,634.13,73.7
264,1983,PRT,309.161,72.39999999999999
265,1983,SWE,1062.581,76.7
266,1983,TUR,88.742,59.699999999999996
267,1983,USA,1451.945,74.56666666666666
268,1984,AUS,803.836,75.73333333333333
269,1984,AUT,770.301,73.76666666666667
270,1984,BEL,813.539,74.5
271,1984,CAN,1135.02,76.23333333333333
272,1984,CHE,1300.9,76.86666666666667
273,1984,DEU,1196.56,74.26666666666667
274,1984,DNK,1025.308,74.73333333333333
275,1984,ESP,429.37,76.39999999999999
276,1984,FIN,715.288,74.8
277,1984,GBR,521.522,74.5
278,1984,ISL,962.924,77.63333333333333
279,1984,JPN,745.981,77.36666666666667
280,1984,KOR,148.47,68.3
281,1984,LUX,752.045,73.3
282,1984,NLD,941.224,76.36666666666667
283,1984,NOR,839.519,76.36666666666666
284,1984,NZL,644.193,73.8
285,1984,PRT,314.303,72.7
286,1984,SWE,1122.729,76.96666666666667
287,1984,TUR,91.92,60.86666666666667
288,1984,USA,1590.667,74.66666666666667
289,1985,AUS,855.498,75.56666666666666
290,1985,AUT,828.948,73.96666666666667
291,1985,BEL,865.865,74.6
292,1985,CAN,1212.85,76.33333333333333
293,1985,CHE,1487.125,76.96666666666667
294,1985,DEU,1298.555,74.96666666666665
295,1985,DNK,1106.65,74.53333333333333
296,1985,ESP,444.876,76.36666666666666
297,1985,FIN,805.55,74.46666666666667
298,1985,FRA,1001.145,75.36666666666667
299,1985,GBR,549.608,74.66666666666667
300,1985,IRL,606.567,73.39999999999999
301,1985,ISL,1046.257,77.63333333333334
302,1985,JPN,818.382,77.63333333333333
303,1985,KOR,165.515,68.89999999999999
304,1985,LUX,798.892,73.8
305,1985,NLD,977.443,76.46666666666665
306,1985,NOR,908.492,76.03333333333333
307,1985,NZL,605.897,74.0
308,1985,PRT,371.664,72.96666666666667
309,1985,SWE,1120.765,76.8
310,1985,TUR,69.653,62.06666666666666
311,1985,USA,1735.156,74.66666666666667
312,1986,AUS,904.542,76.03333333333335
313,1986,AUT,889.349,74.43333333333334
314,1986,BEL,944.824,74.8
315,1986,CAN,1278.816,76.46666666666665
316,1986,CHE,1601.171,77.13333333333334
317,1986,DEU,1386.51,75.16666666666667
318,1986,DNK,1167.596,74.73333333333333
319,1986,ESP,471.863,76.66666666666667
320,1986,FIN,863.619,74.8
321,1986,GBR,578.61,74.8
322,1986,IRL,620.319,73.56666666666666
323,1986,ISL,1248.18,78.03333333333335
324,1986,JPN,859.855,78.06666666666666
325,1986,KOR,183.518,69.53333333333333
326,1986,LUX,883.739,74.7
327,1986,NLD,1035.491,76.39999999999999
328,1986,NOR,966.06,76.43333333333334
329,1986,NZL,666.359,74.1
330,1986,PRT,463.516,73.36666666666667
331,1986,SWE,1155.201,77.06666666666666
332,1986,TUR,96.084,63.199999999999996
333,1986,USA,1847.773,74.7
334,1987,AUS,952.647,76.26666666666667
335,1987,AUT,982.732,74.89999999999999
336,1987,BEL,1009.692,75.43333333333334
337,1987,CAN,1357.453,76.66666666666667
338,1987,CHE,1720.506,77.46666666666667
339,1987,DEU,1480.096,75.63333333333334
340,1987,DNK,1251.13,74.83333333333333
341,1987,ESP,521.903,76.86666666666667
342,1987,FIN,946.648,74.8
343,1987,GBR,634.956,75.16666666666667
344,1987,IRL,639.514,74.39999999999999
345,1987,ISL,1472.035,77.36666666666667
346,1987,JPN,916.703,78.5
347,1987,KOR,206.809,70.10000000000001
348,1987,LUX,1017.736,74.26666666666667
349,1987,NLD,1087.247,76.89999999999999
350,1987,NOR,1037.617,76.23333333333333
351,1987,NZL,767.622,74.46666666666667
352,1987,PRT,495.002,73.76666666666667
353,1987,SWE,1235.997,77.23333333333333
354,1987,TUR,99.289,64.39999999999999
355,1987,USA,1976.166,74.86666666666667
356,1988,AUS,1027.927,76.26666666666667
357,1988,AUT,1051.142,75.36666666666667
358,1988,BEL,1111.783,75.66666666666667
359,1988,CAN,1461.3,76.83333333333333
360,1988,CHE,1856.814,77.46666666666667
361,1988,DEU,1616.349,75.86666666666666
362,1988,DNK,1313.355,74.93333333333334
363,1988,ESP,637.608,76.89999999999999
364,1988,FIN,1028.516,74.76666666666667
365,1988,GBR,688.049,75.26666666666667
366,1988,GRC,617.226,76.8
367,1988,IRL,663.947,74.46666666666667
368,1988,ISL,1597.375,77.13333333333334
369,1988,ITA,1052.784,76.46666666666667
370,1988,JPN,969.251,78.39999999999999
371,1988,KOR,250.267,70.66666666666667
372,1988,LUX,1184.137,75.0
373,1988,NLD,1146.375,77.06666666666666
374,1988,NOR,1082.646,76.36666666666666
375,1988,NZL,884.715,74.8
376,1988,PRT,575.521,73.8
377,1988,SWE,1302.959,77.06666666666666
378,1988,TUR,119.794,65.2
379,1988,USA,2195.392,74.86666666666667
380,1989,AUS,1097.364,76.43333333333334
381,1989,AUT,1162.766,75.43333333333334
382,1989,BEL,1203.71,75.7
383,1989,CAN,1579.543,77.06666666666666
384,1989,CHE,2018.304,77.66666666666667
385,1989,DEU,1596.16,75.96666666666665
386,1989,DNK,1359.255,74.93333333333334
387,1989,ESP,713.201,76.96666666666667
388,1989,FIN,1134.258,74.96666666666667
389,1989,GBR,739.714,75.36666666666666
390,1989,GRC,736.223,77.0
391,1989,IRL,701.046,74.43333333333334
392,1989,ISL,1557.328,78.2
393,1989,ITA,1122.547,76.93333333333334
394,1989,JPN,1021.247,78.83333333333333
395,1989,KOR,316.146,71.16666666666667
396,1989,LUX,1321.83,74.83333333333333
397,1989,NLD,1269.523,76.89999999999999
398,1989,NOR,1114.748,76.63333333333333
399,1989,NZL,951.371,75.16666666666667
400,1989,PRT,578.368,74.4
401,1989,SWE,1413.202,77.76666666666667
402,1989,TUR,128.545,65.7
403,1989,USA,2424.654,75.10000000000001
404,1990,AUS,1166.26,76.96666666666667
405,1990,AUT,1482.281,75.7
406,1990,BEL,1301.908,76.13333333333334
407,1990,CAN,1699.774,77.3
408,1990,CHE,2136.023,77.46666666666667
409,1990,CZE,490.947,71.53333333333333
410,1990,DEU,1724.332,77.26666666666667
411,1990,DNK,1441.516,74.89999999999999
412,1990,ESP,821.704,76.93333333333334
413,1990,FIN,1261.603,75.03333333333333
414,1990,FRA,1459.11,77.0
415,1990,GBR,782.612,75.7
416,1990,GRC,773.66,77.10000000000001
417,1990,IRL,752.033,74.86666666666666
418,1990,ISL,1575.185,78.10000000000001
419,1990,ITA,1274.024,77.06666666666666
420,1990,JPN,1088.959,78.9
421,1990,KOR,355.831,71.7
422,1990,LUX,1475.695,75.60000000000001
423,1990,NLD,1399.987,77.03333333333333
424,1990,NOR,1361.085,76.63333333333334
425,1990,NZL,1022.758,75.46666666666667
426,1990,POL,302.623,70.76666666666667
427,1990,PRT,630.448,74.06666666666666
428,1990,SWE,1489.775,77.66666666666667
429,1990,TUR,152.481,67.46666666666667
430,1990,USA,2684.984,75.33333333333333
431,1991,AUS,1234.372,77.36666666666667
432,1991,AUT,1585.776,75.76666666666667
433,1991,BEL,1421.009,76.3
434,1991,CAN,1805.209,77.56666666666666
435,1991,CHE,2334.495,77.8
436,1991,CZE,438.433,72.0
437,1991,DNK,1484.027,75.3
438,1991,ESP,898.666,77.06666666666666
439,1991,FIN,1350.305,75.46666666666667
440,1991,FRA,1558.033,77.2
441,1991,GBR,842.797,75.89999999999999
442,1991,GRC,796.095,77.3
443,1991,HUN,589.815,69.5
444,1991,IRL,839.708,75.06666666666666
445,1991,ISL,1662.582,78.06666666666666
446,1991,ITA,1387.471,77.10000000000001
447,1991,JPN,1166.43,79.1
448,1991,KOR,378.036,72.16666666666667
449,1991,LUX,1549.962,75.66666666666667
450,1991,NLD,1500.763,77.2
451,1991,NOR,1481.429,77.10000000000001
452,1991,NZL,1069.019,75.8
453,1991,POL,302.388,70.46666666666667
454,1991,PRT,734.165,74.10000000000001
455,1991,SWE,1480.501,77.83333333333333
456,1991,TUR,175.396,67.76666666666667
457,1991,USA,2901.589,75.46666666666667
458,1992,AUS,1305.536,77.43333333333334
459,1992,AUT,1706.858,75.96666666666665
460,1992,BEL,1525.716,76.46666666666667
461,1992,CAN,1897.456,77.76666666666667
462,1992,CHE,2434.099,78.06666666666666
463,1992,CZE,462.649,72.43333333333334
464,1992,DEU,2019.308,76.06666666666666
465,1992,DNK,1554.371,75.3
466,1992,ESP,980.365,77.56666666666666
467,1992,FIN,1334.32,75.66666666666667
468,1992,FRA,1651.139,77.5
469,1992,GBR,930.701,76.3
470,1992,GRC,887.703,77.2
471,1992,HUN,627.198,69.3
472,1992,IRL,919.418,75.46666666666667
473,1992,ISL,1665.65,78.8
474,1992,ITA,1403.629,77.5
475,1992,JPN,1253.415,79.16666666666667
476,1992,KOR,418.789,72.60000000000001
477,1992,LUX,1664.8,75.26666666666667
478,1992,NLD,1587.969,77.36666666666667
479,1992,NOR,1556.714,77.33333333333333
480,1992,NZL,1121.818,76.06666666666666
481,1992,POL,324.833,71.03333333333333
482,1992,PRT,790.8,74.7
483,1992,SWE,1537.277,78.2
484,1992,TUR,182.732,68.16666666666667
485,1992,USA,3100.343,75.73333333333333
486,1993,AUS,1373.205,77.93333333333334
487,1993,AUT,1849.904,76.2
488,1993,BEL,1583.708,76.46666666666667
489,1993,CAN,1930.889,77.8
490,1993,CHE,2492.24,78.36666666666667
491,1993,CZE,658.263,72.89999999999999
492,1993,DEU,2040.313,76.13333333333334
493,1993,DNK,1646.894,75.2
494,1993,ESP,1028.93,77.66666666666667
495,1993,FIN,1226.337,75.83333333333333
496,1993,FRA,1753.485,77.53333333333335
497,1993,GBR,995.728,76.2
498,1993,GRC,1001.482,77.6
499,1993,HUN,647.757,69.3
500,1993,IRL,992.766,75.3
501,1993,ISL,1697.821,78.96666666666665
502,1993,ITA,1398.26,77.8
503,1993,JPN,1332.213,79.39999999999999
504,1993,KOR,442.195,73.10000000000001
505,1993,LUX,1812.655,75.93333333333334
506,1993,NLD,1649.433,77.06666666666666
507,1993,NOR,1605.399,77.23333333333333
508,1993,NZL,1171.927,76.3
509,1993,POL,349.419,71.53333333333335
510,1993,PRT,823.992,74.56666666666666
511,1993,SWE,1522.519,78.2
512,1993,TUR,197.035,68.5
513,1993,USA,3286.558,75.5
514,1994,AUS,1454.566,77.93333333333334
515,1994,AUT,2017.289,76.56666666666666
516,1994,BEL,1621.74,76.8
517,1994,CAN,1962.196,77.93333333333334
518,1994,CHE,2626.43,78.63333333333334
519,1994,CZE,725.056,73.16666666666667
520,1994,DEU,2188.676,76.46666666666665
521,1994,DNK,1708.511,75.5
522,1994,ESP,1052.85,78.03333333333335
523,1994,FIN,1218.172,76.60000000000001
524,1994,FRA,1817.042,78.0
525,1994,GBR,1058.68,76.8
526,1994,GRC,1140.602,77.8
527,1994,HUN,727.653,69.7
528,1994,IRL,1040.844,75.83333333333333
529,1994,ISL,1751.593,79.3
530,1994,ITA,1413.011,78.0
531,1994,JPN,1420.271,79.8
532,1994,KOR,464.971,73.5
533,1994,LUX,1857.616,76.60000000000001
534,1994,NLD,1690.022,77.53333333333333
535,1994,NOR,1670.079,77.86666666666667
536,1994,NZL,1246.923,76.56666666666666
537,1994,POL,370.24,71.8
538,1994,PRT,862.681,75.5
539,1994,SWE,1519.052,78.86666666666666
540,1994,TUR,179.596,68.89999999999999
541,1994,USA,3432.101,75.7
542,1995,AUS,1537.471,77.86666666666666
543,1995,AUT,2086.13,76.8
544,1995,BEL,1670.748,76.96666666666667
545,1995,CAN,1984.944,77.96666666666667
546,1995,CHE,2611.094,78.66666666666667
547,1995,CZE,808.182,73.26666666666667
548,1995,DEU,2349.145,76.63333333333334
549,1995,DNK,1715.029,75.3
550,1995,ESP,1126.548,78.10000000000001
551,1995,FIN,1346.179,76.63333333333334
552,1995,FRA,2100.918,78.06666666666666
553,1995,GBR,1094.034,76.66666666666667
554,1995,GRC,1191.426,77.8
555,1995,HUN,685.441,70.06666666666666
556,1995,IRL,1130.502,75.53333333333333
557,1995,ISL,1810.686,78.03333333333333
558,1995,ISR,1162.432,77.46666666666667
559,1995,ITA,1464.822,78.26666666666667
560,1995,JPN,1413.445,79.63333333333334
561,1995,KOR,515.771,73.8
562,1995,LUX,2097.666,76.8
563,1995,NLD,1748.653,77.56666666666666
564,1995,NOR,1769.673,77.86666666666667
565,1995,NZL,1306.447,76.8
566,1995,POL,397.677,72.03333333333335
567,1995,PRT,1009.733,75.36666666666667
568,1995,SWE,1594.73,78.96666666666667
569,1995,TUR,175.472,69.26666666666667
570,1995,USA,3586.745,75.73333333333333
571,1996,AUS,1642.967,78.13333333333333
572,1996,AUT,2160.519,77.0
573,1996,BEL,1768.091,77.3
574,1996,CAN,1999.778,78.16666666666667
575,1996,CHE,2766.524,79.13333333333334
576,1996,CZE,858.847,73.96666666666667
577,1996,DEU,2480.217,76.89999999999999
578,1996,DNK,1813.999,75.7
579,1996,ESP,1179.773,78.26666666666667
580,1996,FIN,1418.16,76.93333333333334
581,1996,FRA,2169.451,78.23333333333333
582,1996,GBR,1171.591,76.89999999999999
583,1996,GRC,1234.04,77.93333333333334
584,1996,HUN,692.801,70.63333333333333
585,1996,IRL,1185.72,75.86666666666666
586,1996,ISL,1886.532,78.83333333333333
587,1996,ISR,1254.45,78.13333333333333
588,1996,ITA,1528.904,78.63333333333334
589,1996,JPN,1436.372,80.3
590,1996,KOR,575.658,74.23333333333333
591,1996,LUX,2217.649,76.76666666666667
592,1996,NLD,1822.141,77.60000000000001
593,1996,NOR,1928.968,78.3
594,1996,NZL,1341.537,77.06666666666666
595,1996,POL,454.711,72.33333333333333
596,1996,PRT,1085.917,75.3
597,1996,SWE,1691.128,79.16666666666667
598,1996,TUR,231.057,69.7
599,1996,USA,4158.928,76.1
600,1997,AUS,1727.783,78.43333333333334
601,1997,AUT,2265.214,77.43333333333334
602,1997,BEL,1814.866,77.46666666666667
603,1997,CAN,2091.997,78.33333333333333
604,1997,CHE,2873.708,79.3
605,1997,CZE,869.442,74.06666666666666
606,1997,DEU,2496.201,77.33333333333333
607,1997,DNK,1891.682,76.1
608,1997,ESP,1231.849,78.8
609,1997,FIN,1475.282,77.13333333333334
610,1997,FRA,2236.595,78.6
611,1997,GBR,1507.352,77.16666666666667
612,1997,GRC,1289.096,78.36666666666667
613,1997,HUN,698.271,71.10000000000001
614,1997,IRL,1288.49,76.03333333333335
615,1997,ISL,2019.116,78.93333333333334
616,1997,ISR,1342.111,78.06666666666666
617,1997,ITA,1651.791,78.93333333333334
618,1997,JPN,1529.586,80.5
619,1997,KOR,599.675,74.7
620,1997,LUX,2270.327,77.03333333333333
621,1997,NLD,1883.425,77.96666666666667
622,1997,NOR,2198.562,78.3
623,1997,NZL,1419.393,77.39999999999999
624,1997,POL,476.476,72.73333333333333
625,1997,PRT,1144.369,75.8
626,1997,SVK,648.791,72.9
627,1997,SWE,1709.883,79.39999999999999
628,1997,TUR,266.497,70.10000000000001
629,1997,USA,3894.282,76.5
630,1998,AUS,1839.209,78.66666666666667
631,1998,AUT,2428.152,77.8
632,1998,BEL,1881.66,77.56666666666666
633,1998,CAN,2200.468,78.56666666666666
634,1998,CHE,2989.468,79.56666666666666
635,1998,CZE,888.949,74.7
636,1998,DEU,2566.003,77.7
637,1998,DNK,1914.184,76.5
638,1998,ESP,1302.054,78.83333333333333
639,1998,FIN,1523.959,77.33333333333333
640,1998,FRA,2321.931,78.8
641,1998,GBR,1572.097,77.3
642,1998,GRC,1328.552,78.33333333333333
643,1998,HUN,768.839,71.03333333333333
644,1998,IRL,1395.603,76.23333333333333
645,1998,ISL,2334.404,79.66666666666667
646,1998,ISR,1383.091,78.2
647,1998,ITA,1736.633,79.06666666666666
648,1998,JPN,1571.107,80.60000000000001
649,1998,KOR,580.989,75.10000000000001
650,1998,LUX,2428.195,77.26666666666667
651,1998,NLD,2216.663,78.03333333333333
652,1998,NOR,2367.504,78.5
653,1998,NZL,1499.21,77.7
654,1998,POL,497.294,73.13333333333334
655,1998,PRT,1194.221,76.0
656,1998,SVK,663.114,72.8
657,1998,SWE,1808.561,79.5
658,1998,TUR,299.802,70.3
659,1998,USA,4061.536,76.66666666666667
660,1999,AUS,1956.897,78.96666666666667
661,1999,AUT,2569.344,78.0
662,1999,BEL,2011.684,77.7
663,1999,CAN,2278.254,78.76666666666667
664,1999,CHE,3103.729,79.8
665,1999,CZE,951.854,74.89999999999999
666,1999,DEU,2697.878,77.93333333333334
667,1999,DNK,2181.669,76.60000000000001
668,1999,ESP,1370.226,78.8
669,1999,EST,510.2,70.56666666666666
670,1999,FIN,1609.61,77.53333333333333
671,1999,FRA,2431.303,78.89999999999999
672,1999,GBR,1683.905,77.46666666666667
673,1999,GRC,1390.316,78.5
674,1999,HUN,823.236,71.13333333333333
675,1999,IRL,1498.298,76.13333333333334
676,1999,ISL,2575.561,79.4
677,1999,ISR,1369.363,78.5
678,1999,ITA,1802.03,79.53333333333333
679,1999,JPN,1667.922,80.53333333333333
680,1999,KOR,662.546,75.5
681,1999,LUX,2827.654,77.93333333333334
682,1999,MEX,476.39,74.0
683,1999,NLD,2372.005,77.93333333333334
684,1999,NOR,2518.86,78.39999999999999
685,1999,NZL,1565.445,78.06666666666666
686,1999,POL,572.471,73.13333333333333
687,1999,PRT,1319.759,76.23333333333333
688,1999,SVK,658.135,73.2
689,1999,SWE,1959.359,79.56666666666666
690,1999,TUR,369.102,70.66666666666667
691,1999,USA,4261.996,76.66666666666667
692,2000,AUS,2153.292,79.26666666666667
693,2000,AUT,2803.905,78.23333333333333
694,2000,BEL,2298.186,77.83333333333333
695,2000,CAN,2450.593,79.06666666666666
696,2000,CHE,3326.318,79.93333333333334
697,2000,CHL,589.912,76.43333333333334
698,2000,CZE,1026.024,75.06666666666666
699,2000,DEU,2895.533,78.2
700,2000,DNK,2345.715,76.86666666666667
701,2000,ESP,1524.076,79.3
702,2000,EST,543.022,71.03333333333333
703,2000,FIN,1876.849,77.73333333333333
704,2000,FRA,2687.53,79.2
705,2000,GBR,1897.202,77.89999999999999
706,2000,GRC,1418.418,78.60000000000001
707,2000,HUN,906.89,71.86666666666667
708,2000,IRL,1829.789,76.60000000000001
709,2000,ISL,2658.937,79.7
710,2000,ISR,1550.05,78.8
711,2000,ITA,2030.535,79.86666666666667
712,2000,JPN,1847.786,81.16666666666667
713,2000,KOR,725.087,76.0
714,2000,LTU,574.242,72.06666666666666
715,2000,LUX,3411.355,77.96666666666665
716,2000,MEX,517.218,74.7
717,2000,NLD,2647.433,78.16666666666667
718,2000,NOR,2793.777,78.76666666666667
719,2000,NZL,1659.487,78.36666666666667
720,2000,POL,604.144,73.8
721,2000,PRT,1642.936,76.83333333333333
722,2000,SVK,690.474,73.33333333333333
723,2000,SVN,1464.05,76.10000000000001
724,2000,SWE,2196.099,79.73333333333333
725,2000,TUR,432.043,71.06666666666666
726,2000,USA,4536.561,76.73333333333333
727,2001,AUS,2290.69,79.66666666666667
728,2001,AUT,2859.074,78.7
729,2001,BEL,2404.214,78.06666666666666
730,2001,CAN,2624.293,79.3
731,2001,CHE,3554.272,80.39999999999999
732,2001,CHL,619.932,76.66666666666667
733,2001,CZE,1160.247,75.26666666666667
734,2001,DEU,3009.368,78.53333333333333
735,2001,DNK,2472.315,77.0
736,2001,ESP,1635.587,79.76666666666667
737,2001,EST,545.217,70.86666666666667
738,2001,FIN,1982.267,78.16666666666667
739,2001,FRA,2875.294,79.26666666666667
740,2001,GBR,2067.167,78.16666666666667
741,2001,GRC,1700.929,79.10000000000001
742,2001,HUN,996.031,72.46666666666667
743,2001,IRL,2134.358,77.2
744,2001,ISL,2751.066,80.73333333333333
745,2001,ISR,1653.116,79.26666666666667
746,2001,ITA,2151.727,80.23333333333333
747,2001,JPN,1945.556,81.5
748,2001,KOR,861.262,76.5
749,2001,LTU,606.244,71.63333333333334
750,2001,LUX,3714.432,77.93333333333334
751,2001,MEX,567.761,75.03333333333335
752,2001,NLD,2883.085,78.33333333333333
753,2001,NOR,2938.351,78.93333333333334
754,2001,NZL,1799.514,78.7
755,2001,POL,668.37,74.2
756,2001,PRT,1709.799,77.16666666666667
757,2001,SVK,758.868,73.60000000000001
758,2001,SVN,1553.962,76.36666666666667
759,2001,SWE,2399.536,79.89999999999999
760,2001,TUR,472.841,71.46666666666667
761,2001,USA,4888.518,76.93333333333334
762,2002,AUS,2481.046,79.96666666666667
763,2002,AUT,3101.021,78.8
764,2002,BEL,2644.145,78.16666666666667
765,2002,CAN,2758.065,79.46666666666667
766,2002,CHE,3887.068,80.56666666666666
767,2002,CHL,651.632,76.93333333333334
768,2002,CZE,1267.68,75.39999999999999
769,2002,DEU,3239.77,78.53333333333333
770,2002,DNK,2711.668,77.10000000000001
771,2002,ESP,1803.5,79.83333333333333
772,2002,EST,624.72,71.39999999999999
773,2002,FIN,2201.215,78.26666666666667
774,2002,FRA,3152.016,79.39999999999999
775,2002,GBR,2287.476,78.3
776,2002,GRC,1951.129,79.2
777,2002,HUN,1167.234,72.53333333333333
778,2002,IRL,2418.861,77.7
779,2002,ISL,3057.131,80.56666666666666
780,2002,ISR,1691.491,79.53333333333333
781,2002,ITA,2292.714,80.33333333333333
782,2002,JPN,2065.133,81.76666666666667
783,2002,KOR,886.304,76.83333333333333
784,2002,LTU,711.864,71.76666666666667
785,2002,LUX,4248.808,78.06666666666666
786,2002,LVA,630.846,70.13333333333334
787,2002,MEX,600.49,75.06666666666666
788,2002,NLD,3296.964,78.39999999999999
789,2002,NOR,3389.226,79.0
790,2002,NZL,1920.964,79.0
791,2002,POL,774.069,74.53333333333333
792,2002,PRT,1839.118,77.36666666666667
793,2002,SVK,868.625,73.76666666666667
794,2002,SVN,1736.558,76.56666666666666
795,2002,SWE,2637.445,79.93333333333334
796,2002,TUR,519.978,71.86666666666667
797,2002,USA,5316.522,77.0
798,2003,AUS,2578.709,80.26666666666667
799,2003,AUT,3198.001,78.73333333333333
800,2003,BEL,2902.776,78.23333333333333
801,2003,BGR,626.09,72.36666666666667
802,2003,CAN,2914.206,79.63333333333333
803,2003,CHE,3915.233,80.63333333333334
804,2003,CHL,706.546,77.16666666666667
805,2003,CZE,1393.824,75.3
806,2003,DEU,3329.374,78.56666666666666
807,2003,DNK,2723.11,77.39999999999999
808,2003,ESP,2015.047,79.7
809,2003,EST,700.296,71.83333333333333
810,2003,FIN,2277.09,78.53333333333333
811,2003,FRA,3056.265,79.3
812,2003,GBR,2469.159,78.36666666666667
813,2003,GRC,2048.654,79.3
814,2003,HUN,1364.863,72.56666666666666
815,2003,IRL,2578.802,78.2
816,2003,ISL,3106.92,81.0
817,2003,ISR,1634.427,79.73333333333333
818,2003,ITA,2289.348,80.06666666666666
819,2003,JPN,2194.437,81.83333333333333
820,2003,KOR,973.222,77.3
821,2003,LTU,816.53,72.03333333333335
822,2003,LUX,4411.556,77.83333333333333
823,2003,LVA,637.609,70.53333333333333
824,2003,MEX,688.931,75.06666666666666
825,2003,NLD,3308.866,78.66666666666667
826,2003,NOR,3447.941,79.6
827,2003,NZL,1917.07,79.26666666666667
828,2003,POL,781.579,74.66666666666667
829,2003,PRT,1921.97,77.5
830,2003,ROU,437.584,71.06666666666666
831,2003,SVK,876.578,73.76666666666667
832,2003,SVN,1786.405,76.39999999999999
833,2003,SWE,2675.912,80.26666666666667
834,2003,TUR,509.726,72.3
835,2003,USA,5726.538,77.13333333333334
836,2004,AUS,2818.137,80.53333333333333
837,2004,AUT,3410.974,79.26666666666667
838,2004,BEL,3086.204,78.96666666666667
839,2004,BGR,655.52,72.56666666666666
840,2004,CAN,3122.396,79.89999999999999
841,2004,CHE,4108.005,81.23333333333333
842,2004,CHL,766.318,77.43333333333334
843,2004,CZE,1464.059,75.83333333333333
844,2004,DEU,3391.521,79.23333333333333
845,2004,DNK,2920.644,77.8
846,2004,ESP,2123.064,80.36666666666667
847,2004,EST,814.108,72.36666666666667
848,2004,FIN,2478.714,78.96666666666667
849,2004,FRA,3170.947,80.33333333333333
850,2004,GBR,2724.869,78.96666666666665
851,2004,GRC,2100.803,79.39999999999999
852,2004,HUN,1381.481,72.96666666666667
853,2004,IRL,2804.828,78.6
854,2004,ISL,3262.487,81.06666666666666
855,2004,ISR,1708.109,80.23333333333333
856,2004,ITA,2451.044,80.86666666666667
857,2004,JPN,2303.68,82.1
858,2004,KOR,1033.444,77.76666666666667
859,2004,LTU,789.396,71.96666666666667
860,2004,LUX,4776.03,79.2
861,2004,LVA,796.402,70.83333333333333
862,2004,MEX,767.95,75.39999999999999
863,2004,NLD,3494.733,79.23333333333333
864,2004,NOR,3655.626,80.06666666666666
865,2004,NZL,2077.843,79.56666666666666
866,2004,POL,837.525,74.89999999999999
867,2004,PRT,2085.322,78.39999999999999
868,2004,ROU,527.806,71.43333333333334
869,2004,SVK,1100.648,74.16666666666667
870,2004,SVN,1857.808,77.16666666666667
871,2004,SWE,2773.003,80.63333333333334
872,2004,TUR,558.587,72.7
873,2004,USA,6069.53,77.56666666666666
874,2005,AUS,2872.44,80.86666666666666
875,2005,AUT,3475.868,79.43333333333334
876,2005,BEL,3104.173,79.06666666666666
877,2005,BGR,711.299,72.56666666666666
878,2005,CAN,3291.912,80.03333333333333
879,2005,CHE,4106.058,81.39999999999999
880,2005,CHL,810.691,77.66666666666667
881,2005,CZE,1523.395,76.06666666666666
882,2005,DEU,3429.955,79.36666666666667
883,2005,DNK,3014.982,78.26666666666667
884,2005,ESP,2212.466,80.3
885,2005,EST,888.89,72.93333333333334
886,2005,FIN,2573.5,79.06666666666666
887,2005,FRA,3264.574,80.36666666666667
888,2005,GBR,2731.445,79.16666666666667
889,2005,GRC,2193.594,79.63333333333333
890,2005,HRV,1058.36,75.26666666666667
891,2005,HUN,1463.525,72.96666666666667
892,2005,IRL,3093.376,79.0
893,2005,ISL,3280.772,81.53333333333333
894,2005,ISR,1756.34,80.23333333333333
895,2005,ITA,2504.099,80.86666666666666
896,2005,JPN,2471.186,82.03333333333333
897,2005,KOR,1134.304,78.23333333333333
898,2005,LTU,885.721,71.26666666666667
899,2005,LUX,4881.401,79.53333333333333
900,2005,LVA,839.728,70.60000000000001
901,2005,MEX,771.596,75.2
902,2005,NLD,3583.454,79.5
903,2005,NOR,3740.873,80.26666666666667
904,2005,NZL,2194.439,79.8
905,2005,POL,834.605,75.03333333333333
906,2005,PRT,2183.712,78.2
907,2005,ROU,542.397,71.9
908,2005,SVK,1191.447,74.13333333333333
909,2005,SVN,1900.012,77.43333333333334
910,2005,SWE,2810.705,80.7
911,2005,TUR,588.128,73.10000000000001
912,2005,USA,6430.757,77.56666666666666
913,2006,AUS,2996.396,81.06666666666666
914,2006,AUT,3634.95,80.0
915,2006,BEL,3195.361,79.46666666666665
916,2006,BGR,726.172,72.73333333333333
917,2006,CAN,3486.621,80.39999999999999
918,2006,CHE,4234.52,81.73333333333333
919,2006,CHL,959.483,77.86666666666667
920,2006,CZE,1560.186,76.7
921,2006,DEU,3567.061,79.83333333333333
922,2006,DNK,3289.222,78.39999999999999
923,2006,ESP,2394.239,81.10000000000001
924,2006,EST,946.222,73.13333333333333
925,2006,FIN,2752.672,79.5
926,2006,FRA,3444.855,80.96666666666667
927,2006,GBR,2952.329,79.46666666666665
928,2006,GRC,2303.075,79.89999999999999
929,2006,HRV,1177.803,75.86666666666667
930,2006,HUN,1511.444,73.5
931,2006,IRL,3204.805,79.3
932,2006,ISL,3394.032,81.2
933,2006,ISR,1744.395,80.63333333333334
934,2006,ITA,2662.499,81.36666666666666
935,2006,JPN,2561.219,82.39999999999999
936,2006,KOR,1276.73,78.76666666666667
937,2006,LTU,1011.018,71.03333333333333
938,2006,LUX,5154.058,79.36666666666667
939,2006,LVA,938.784,70.56666666666666
940,2006,MEX,822.136,75.53333333333335
941,2006,NLD,3829.786,79.89999999999999
942,2006,NOR,3966.376,80.56666666666666
943,2006,NZL,2439.135,80.10000000000001
944,2006,POL,903.406,75.3
945,2006,PRT,2240.819,79.0
946,2006,ROU,577.934,72.53333333333333
947,2006,SVK,1342.665,74.43333333333334
948,2006,SVN,1986.585,78.26666666666667
949,2006,SWE,3010.123,80.96666666666665
950,2006,TUR,678.161,73.39999999999999
951,2006,USA,6808.054,77.76666666666667
952,2007,AUS,3199.837,81.33333333333333
953,2007,AUT,3795.642,80.26666666666667
954,2007,BEL,3307.577,79.86666666666666
955,2007,BGR,781.091,73.03333333333333
956,2007,CAN,3709.615,80.5
957,2007,CHE,4597.308,81.96666666666667
958,2007,CHL,1060.721,78.1
959,2007,CZE,1660.49,77.0
960,2007,DEU,3750.787,80.06666666666666
961,2007,DNK,3563.086,78.39999999999999
962,2007,ESP,2484.716,81.13333333333334
963,2007,EST,1137.873,73.2
964,2007,FIN,3004.933,79.56666666666666
965,2007,FRA,3588.227,81.23333333333333
966,2007,GBR,3021.671,79.7
967,2007,GRC,2425.471,79.7
968,2007,HRV,1391.784,75.73333333333333
969,2007,HUN,1430.045,73.60000000000001
970,2007,IRL,3384.221,79.7
971,2007,ISL,3559.775,81.5
972,2007,ISR,1853.609,80.60000000000001
973,2007,ITA,2695.633,81.53333333333333
974,2007,JPN,2689.916,82.60000000000001
975,2007,KOR,1435.186,79.2
976,2007,LTU,1159.055,70.8
977,2007,LUX,5086.545,79.46666666666667
978,2007,LVA,1084.816,70.76666666666667
979,2007,MEX,870.599,75.36666666666667
980,2007,NLD,4076.873,80.33333333333333
981,2007,NOR,4311.768,80.60000000000001
982,2007,NZL,2540.611,80.26666666666667
983,2007,POL,1050.928,75.39999999999999
984,2007,PRT,2300.455,79.23333333333333
985,2007,ROU,684.526,73.13333333333333
986,2007,SVK,1584.418,74.53333333333333
987,2007,SVN,2066.021,78.33333333333333
988,2007,SWE,3225.832,81.06666666666666
989,2007,TUR,733.361,73.66666666666667
990,2007,USA,7166.513,78.06666666666666
991,2008,AUS,3350.144,81.43333333333334
992,2008,AUT,4009.307,80.53333333333333
993,2008,BEL,3545.086,79.76666666666667
994,2008,BGR,872.781,73.36666666666666
995,2008,CAN,3849.544,80.66666666666667
996,2008,CHE,4905.058,82.23333333333333
997,2008,CHL,1129.411,78.33333333333333
998,2008,CZE,1822.937,77.3
999,2008,DEU,3955.136,80.16666666666667
1000,2008,DNK,3777.707,78.76666666666667
1001,2008,ESP,2671.937,81.46666666666665
1002,2008,EST,1291.739,74.26666666666667
1003,2008,FIN,3243.775,79.89999999999999
1004,2008,FRA,3729.353,81.36666666666667
1005,2008,GBR,3207.853,79.76666666666667
1006,2008,GRC,2665.467,80.23333333333333
1007,2008,HRV,1550.581,76.0
1008,2008,HUN,1492.593,74.16666666666667
1009,2008,IRL,3643.273,80.16666666666667
1010,2008,ISL,3612.468,81.63333333333333
1011,2008,ISR,1844.723,81.03333333333333
1012,2008,ITA,2932.455,81.60000000000001
1013,2008,JPN,2799.198,82.7
1014,2008,KOR,1556.157,79.60000000000001
1015,2008,LTU,1347.21,71.73333333333333
1016,2008,LUX,5431.112,80.63333333333333
1017,2008,LVA,1118.347,72.03333333333333
1018,2008,MEX,899.877,75.16666666666667
1019,2008,NLD,4378.383,80.46666666666667
1020,2008,NOR,4604.504,80.8
1021,2008,NZL,2829.765,80.46666666666667
1022,2008,POL,1222.748,75.63333333333333
1023,2008,PRT,2448.035,79.46666666666667
1024,2008,ROU,834.553,73.56666666666666
1025,2008,SVK,1687.058,74.93333333333334
1026,2008,SVN,2297.536,79.06666666666666
1027,2008,SWE,3415.036,81.26666666666667
1028,2008,TUR,807.052,73.86666666666667
1029,2008,USA,7385.026,78.13333333333333
1030,2009,AUS,3417.833,81.56666666666666
1031,2009,AUT,4090.209,80.43333333333334
1032,2009,BEL,3711.279,80.13333333333334
1033,2009,BGR,896.859,73.76666666666667
1034,2009,CAN,3945.873,80.89999999999999
1035,2009,CHE,5059.23,82.26666666666667
1036,2009,CHL,1310.57,78.53333333333333
1037,2009,CZE,2048.775,77.39999999999999
1038,2009,DEU,4158.266,80.3
1039,2009,DNK,4016.152,79.0
1040,2009,ESP,2743.475,81.89999999999999
1041,2009,EST,1307.562,75.2
1042,2009,FIN,3281.453,80.06666666666666
1043,2009,FRA,3880.842,81.53333333333333
1044,2009,GBR,3334.506,80.36666666666667
1045,2009,GRC,2735.578,80.39999999999999
1046,2009,HRV,1552.237,76.26666666666667
1047,2009,HUN,1492.591,74.36666666666667
1048,2009,IRL,3855.118,80.23333333333333
1049,2009,ISL,3480.941,81.8
1050,2009,ISR,1909.353,81.46666666666665
1051,2009,ITA,2937.493,81.73333333333333
1052,2009,JPN,2971.377,83.0
1053,2009,KOR,1684.344,80.03333333333335
1054,2009,LTU,1323.174,72.89999999999999
1055,2009,LUX,5710.148,80.73333333333333
1056,2009,LVA,1006.829,72.66666666666667
1057,2009,MEX,912.044,74.9
1058,2009,NLD,4433.594,80.83333333333333
1059,2009,NOR,4675.689,80.96666666666667
1060,2009,NZL,2947.565,80.66666666666667
1061,2009,POL,1312.444,75.83333333333333
1062,2009,PRT,2513.358,79.66666666666667
1063,2009,ROU,841.676,73.73333333333333
1064,2009,SVK,1809.132,75.26666666666667
1065,2009,SVN,2265.733,79.33333333333333
1066,2009,SWE,3451.078,81.46666666666667
1067,2009,TUR,815.071,74.10000000000001
1068,2009,USA,7645.002,78.46666666666667
1069,2010,AUS,3593.395,81.73333333333333
1070,2010,AUT,4258.99,80.66666666666667
1071,2010,BEL,3908.473,80.26666666666667
1072,2010,BGR,1032.738,73.83333333333333
1073,2010,CAN,4155.529,81.16666666666667
1074,2010,CHE,5089.213,82.63333333333334
1075,2010,CHL,1254.254,78.76666666666667
1076,2010,CZE,2001.958,77.7
1077,2010,DEU,4423.07,80.5
1078,2010,DNK,4272.376,79.3
1079,2010,ESP,2737.508,82.36666666666667
1080,2010,EST,1363.499,75.89999999999999
1081,2010,FIN,3427.329,80.2
1082,2010,FRA,4045.065,81.83333333333333
1083,2010,GBR,3441.71,80.6
1084,2010,GRC,2606.608,80.63333333333333
1085,2010,HRV,1561.989,76.66666666666667
1086,2010,HUN,1666.211,74.66666666666667
1087,2010,IRL,4050.987,80.8
1088,2010,ISL,3264.284,81.93333333333334
1089,2010,ISR,1970.907,81.66666666666667
1090,2010,ITA,3104.465,82.13333333333334
1091,2010,JPN,3169.19,82.93333333333334
1092,2010,KOR,1878.132,80.2
1093,2010,LTU,1371.705,73.26666666666667
1094,2010,LUX,5625.097,80.73333333333333
1095,2010,LVA,1076.166,73.0
1096,2010,MEX,893.79,74.76666666666667
1097,2010,NLD,4474.559,80.96666666666667
1098,2010,NOR,4777.14,81.16666666666667
1099,2010,NZL,3042.696,80.8
1100,2010,POL,1423.409,76.43333333333334
1101,2010,PRT,2580.158,80.03333333333333
1102,2010,ROU,979.114,73.8
1103,2010,SVK,2011.258,75.56666666666666
1104,2010,SVN,2319.451,79.76666666666667
1105,2010,SWE,3431.157,81.6
1106,2010,TUR,843.633,74.3
1107,2010,USA,7879.253,78.63333333333334
1108,2011,AUS,3809.112,81.93333333333334
1109,2011,AUT,4345.158,81.06666666666666
1110,2011,BEL,4053.883,80.66666666666667
1111,2011,BGR,1137.566,74.23333333333333
1112,2011,BRA,1178.694,73.96666666666667
1113,2011,CAN,4228.962,81.39999999999999
1114,2011,CHE,5259.579,82.76666666666667
1115,2011,CHL,1355.452,79.0
1116,2011,CHN,438.725,74.76666666666667
1117,2011,COL,791.69,74.56666666666666
1118,2011,CRI,1176.161,79.1
1119,2011,CZE,2041.899,77.96666666666665
1120,2011,DEU,4566.678,80.53333333333333
1121,2011,DNK,4274.142,79.86666666666667
1122,2011,ESP,2733.946,82.56666666666666
1123,2011,EST,1403.665,76.43333333333334
1124,2011,FIN,3598.302,80.56666666666666
1125,2011,FRA,4161.698,82.26666666666667
1126,2011,GBR,3495.652,81.0
1127,2011,GRC,2289.591,80.8
1128,2011,HRV,1504.647,77.13333333333334
1129,2011,HUN,1755.527,75.0
1130,2011,IND,159.858,67.13333333333333
1131,2011,IRL,4197.569,80.83333333333333
1132,2011,ISL,3312.455,82.39999999999999
1133,2011,ISR,2081.778,81.73333333333333
1134,2011,ITA,3098.256,82.3
1135,2011,JPN,3740.756,82.66666666666667
1136,2011,KOR,1966.703,80.63333333333333
1137,2011,LTU,1484.747,73.7
1138,2011,LUX,4830.517,81.06666666666666
1139,2011,LVA,1077.551,73.76666666666667
1140,2011,MEX,912.027,74.89999999999999
1141,2011,NLD,4567.357,81.26666666666667
1142,2011,NOR,4965.184,81.36666666666666
1143,2011,NZL,3132.309,81.0
1144,2011,POL,1496.615,76.8
1145,2011,PRT,2457.491,80.60000000000001
1146,2011,ROU,833.247,74.46666666666667
1147,2011,SVK,1974.761,76.06666666666666
1148,2011,SVN,2376.637,80.06666666666666
1149,2011,SWE,4459.517,81.86666666666667
1150,2011,TUR,888.309,74.56666666666666
1151,2011,USA,8079.467,78.7
1152,2012,AUS,3854.19,82.06666666666666
1153,2012,AUT,4588.344,81.03333333333333
1154,2012,BEL,4233.076,80.46666666666665
1155,2012,BGR,1256.272,74.4
1156,2012,BRA,1222.604,74.23333333333333
1157,2012,CAN,4336.249,81.60000000000001
1158,2012,CHE,5565.318,82.76666666666667
1159,2012,CHL,1485.284,79.2
1160,2012,CHN,508.815,75.10000000000001
1161,2012,COL,838.282,74.8
1162,2012,CRI,1218.357,79.4
1163,2012,CZE,2090.485,78.13333333333333
1164,2012,DEU,4745.546,80.63333333333333
1165,2012,DNK,4433.363,80.13333333333333
1166,2012,ESP,2728.146,82.5
1167,2012,EST,1515.084,76.53333333333335
1168,2012,FIN,3786.188,80.7
1169,2012,FRA,4299.434,82.06666666666666
1170,2012,GBR,3614.131,80.96666666666665
1171,2012,GRC,2145.538,80.7
1172,2012,HRV,1548.451,77.26666666666667
1173,2012,HUN,1766.535,75.2
1174,2012,IND,178.642,67.60000000000001
1175,2012,IRL,4358.936,80.89999999999999
1176,2012,ISL,3399.002,82.96666666666665
1177,2012,ISR,2223.345,81.76666666666667
1178,2012,ITA,3071.61,82.33333333333333
1179,2012,JPN,3970.765,83.16666666666667
1180,2012,KOR,2071.546,80.89999999999999
1181,2012,LTU,1568.003,74.03333333333333
1182,2012,LUX,4424.503,81.46666666666665
1183,2012,LVA,1156.188,73.96666666666667
1184,2012,MEX,973.451,75.0
1185,2012,NLD,4782.366,81.16666666666667
1186,2012,NOR,5209.577,81.5
1187,2012,NZL,3240.034,81.16666666666667
1188,2012,POL,1578.599,76.86666666666666
1189,2012,PRT,2420.856,80.5
1190,2012,ROU,889.511,74.46666666666667
1191,2012,SVK,2097.401,76.23333333333333
1192,2012,SVN,2431.003,80.23333333333333
1193,2012,SWE,4679.65,81.76666666666667
1194,2012,TUR,894.741,74.60000000000001
1195,2012,USA,8346.064,78.8
1196,2013,AUS,4087.849,82.16666666666667
1197,2013,AUT,4767.083,81.23333333333333
1198,2013,BEL,4430.729,80.66666666666667
1199,2013,BGR,1239.463,74.93333333333334
1200,2013,BRA,1299.214,74.5
1201,2013,CAN,4428.753,81.73333333333333
1202,2013,CHE,5923.914,82.86666666666667
1203,2013,CHL,1658.112,79.43333333333334
1204,2013,CHN,561.66,75.36666666666666
1205,2013,COL,925.428,75.06666666666666
1206,2013,CRI,1238.096,79.6
1207,2013,CZE,2448.529,78.26666666666667
1208,2013,DEU,4951.677,80.56666666666666
1209,2013,DNK,4525.669,80.36666666666667
1210,2013,ESP,2764.132,83.16666666666667
1211,2013,EST,1636.092,77.33333333333333
1212,2013,FIN,3933.236,81.06666666666666
1213,2013,FRA,4544.964,82.33333333333333
1214,2013,GBR,3667.636,81.06666666666666
1215,2013,GRC,2087.856,81.36666666666667
1216,2013,HRV,1377.133,77.76666666666667
1217,2013,HUN,1821.58,75.7
1218,2013,IND,208.145,67.93333333333334
1219,2013,IRL,4299.899,81.0
1220,2013,ISL,3498.071,82.10000000000001
1221,2013,ISR,2238.455,82.10000000000001
1222,2013,ITA,3042.931,82.8
1223,2013,JPN,4308.252,83.39999999999999
1224,2013,KOR,2129.162,81.36666666666666
1225,2013,LTU,1662.584,74.06666666666666
1226,2013,LUX,4636.665,81.86666666666667
1227,2013,LVA,1229.696,74.16666666666667
1228,2013,MEX,1002.571,75.03333333333333
1229,2013,NLD,4923.877,81.36666666666667
1230,2013,NOR,5485.874,81.8
1231,2013,NZL,3388.248,81.36666666666667
1232,2013,POL,1670.783,77.10000000000001
1233,2013,PRT,2504.162,80.83333333333333
1234,2013,ROU,1035.048,75.13333333333333
1235,2013,SVK,2153.698,76.53333333333333
1236,2013,SVN,2495.279,80.43333333333334
1237,2013,SWE,4731.983,82.0
1238,2013,TUR,947.74,78.0
1239,2013,USA,8519.62,78.8
1240,2014,AUS,4562.73,82.33333333333333
1241,2014,AUT,4858.332,81.56666666666666
1242,2014,BEL,4580.064,81.36666666666667
1243,2014,BGR,1408.178,74.53333333333333
1244,2014,BRA,1376.439,74.8
1245,2014,CAN,4536.81,81.83333333333333
1246,2014,CHE,6158.683,83.26666666666667
1247,2014,CHL,1754.988,79.63333333333333
1248,2014,CHN,595.513,75.7
1249,2014,COL,987.342,75.26666666666667
1250,2014,CRI,1312.446,79.73333333333333
1251,2014,CZE,2564.609,78.89999999999999
1252,2014,DEU,5151.709,81.16666666666667
1253,2014,DNK,4597.459,80.73333333333333
1254,2014,ESP,2857.713,83.3
1255,2014,EST,1821.238,77.23333333333333
1256,2014,FIN,3955.755,81.26666666666667
1257,2014,FRA,4626.679,82.83333333333333
1258,2014,GBR,3758.935,81.36666666666667
1259,2014,GRC,2011.097,81.46666666666665
1260,2014,HRV,1442.054,77.86666666666667
1261,2014,HUN,1863.754,75.89999999999999
1262,2014,IND,208.864,68.33333333333333
1263,2014,IRL,4196.666,81.39999999999999
1264,2014,ISL,3599.617,82.89999999999999
1265,2014,ISR,2237.584,82.2
1266,2014,ITA,3036.86,83.16666666666667
1267,2014,JPN,4328.364,83.66666666666667
1268,2014,KOR,2233.19,81.8
1269,2014,LTU,1781.682,74.66666666666667
1270,2014,LUX,4707.036,82.3
1271,2014,LVA,1286.482,74.33333333333333
1272,2014,MEX,989.558,74.96666666666665
1273,2014,NLD,4934.583,81.76666666666667
1274,2014,NOR,5707.377,82.16666666666667
1275,2014,NZL,3490.835,81.5
1276,2014,POL,1687.056,77.73333333333333
1277,2014,PRT,2537.592,81.23333333333333
1278,2014,ROU,1047.796,75.0
1279,2014,SVK,2010.11,76.93333333333334
1280,2014,SVN,2499.108,81.16666666666667
1281,2014,SWE,4865.516,82.3
1282,2014,TUR,1006.772,78.0
1283,2014,USA,8925.879,78.89999999999999
1284,2015,AUS,4777.388,82.43333333333334
1285,2015,AUT,4943.516,81.26666666666667
1286,2015,BEL,4807.4,81.06666666666666
1287,2015,BGR,1436.623,74.7
1288,2015,BRA,1360.799,75.0
1289,2015,CAN,4635.285,81.86666666666667
1290,2015,CHE,6465.888,82.96666666666665
1291,2015,CHL,1833.552,79.83333333333333
1292,2015,CHN,635.149,76.0
1293,2015,COL,1035.02,75.5
1294,2015,CRI,1382.59,79.9
1295,2015,CZE,2544.865,78.66666666666667
1296,2015,DEU,5295.975,80.7
1297,2015,DNK,4726.752,80.76666666666667
1298,2015,ESP,3019.562,82.93333333333334
1299,2015,EST,1940.411,77.8
1300,2015,FIN,3992.493,81.56666666666666
1301,2015,FRA,4667.156,82.39999999999999
1302,2015,GBR,3805.82,81.0
1303,2015,GRC,2122.934,81.10000000000001
1304,2015,HRV,1522.745,77.46666666666667
1305,2015,HUN,1891.248,75.66666666666667
1306,2015,IND,216.051,68.63333333333333
1307,2015,IRL,4295.464,81.5
1308,2015,ISL,3733.352,82.5
1309,2015,ISR,2310.019,82.13333333333333
1310,2015,ITA,3088.931,82.63333333333334
1311,2015,JPN,4515.556,83.89999999999999
1312,2015,KOR,2491.691,82.10000000000001
1313,2015,LTU,1917.088,74.5
1314,2015,LUX,4692.311,82.36666666666667
1315,2015,LVA,1404.655,74.66666666666667
1316,2015,MEX,1062.591,74.73333333333333
1317,2015,NLD,4927.104,81.56666666666666
1318,2015,NOR,5726.877,82.36666666666667
1319,2015,NZL,3500.719,81.66666666666667
1320,2015,POL,1818.883,77.53333333333333
1321,2015,PRT,2635.561,81.23333333333333
1322,2015,ROU,1087.328,74.96666666666667
1323,2015,SVK,2059.132,76.66666666666667
1324,2015,SVN,2579.281,80.86666666666667
1325,2015,SWE,5004.13,82.23333333333333
1326,2015,TUR,1040.108,78.0
1327,2015,USA,9355.118,78.7
1328,2016,AUS,5037.334,82.46666666666667
1329,2016,AUT,5195.532,81.73333333333333
1330,2016,BEL,4998.998,81.5
1331,2016,BGR,1598.353,74.89999999999999
1332,2016,BRA,1339.996,75.23333333333333
1333,2016,CAN,5044.275,81.96666666666667
1334,2016,CHE,6808.029,83.66666666666667
1335,2016,CHL,1941.256,80.03333333333335
1336,2016,CHN,668.096,76.3
1337,2016,COL,1101.628,75.76666666666667
1338,2016,CRI,1413.267,80.03333333333333
1339,2016,CZE,2670.969,79.1
1340,2016,DEU,5669.064,81.03333333333333
1341,2016,DNK,4900.939,80.89999999999999
1342,2016,ESP,3148.684,83.43333333333334
1343,2016,EST,2096.544,77.83333333333333
1344,2016,FIN,4103.554,81.5
1345,2016,FRA,4928.128,82.66666666666667
1346,2016,GBR,3960.141,81.2
1347,2016,GRC,2258.26,81.46666666666667
1348,2016,HRV,1675.374,78.16666666666667
1349,2016,HUN,1999.683,76.16666666666667
1350,2016,IND,224.324,68.89999999999999
1351,2016,IRL,4536.748,81.7
1352,2016,ISL,3932.095,82.23333333333333
1353,2016,ISR,2524.083,82.46666666666667
1354,2016,ITA,3274.024,83.33333333333333
1355,2016,JPN,4295.858,84.06666666666666
1356,2016,KOR,2664.734,82.36666666666667
1357,2016,LTU,2097.796,74.83333333333333
1358,2016,LUX,4864.271,82.73333333333333
1359,2016,LVA,1613.805,74.76666666666667
1360,2016,MEX,1102.809,74.83333333333333
1361,2016,NLD,5095.836,81.63333333333334
1362,2016,NOR,5904.222,82.46666666666667
1363,2016,NZL,3732.589,81.7
1364,2016,POL,1959.094,77.96666666666667
1365,2016,PRT,2815.177,81.23333333333333
1366,2016,ROU,1250.961,75.26666666666667
1367,2016,SVK,2039.611,77.26666666666667
1368,2016,SVN,2738.221,81.23333333333333
1369,2016,SWE,5127.577,82.36666666666666
1370,2016,TUR,1128.754,78.0
1371,2016,USA,9717.649,78.66666666666667
1372,2017,AUS,5075.384,82.53333333333333
1373,2017,AUT,5315.355,81.7
1374,2017,BEL,5121.186,81.56666666666666
1375,2017,BGR,1692.697,74.86666666666667
1376,2017,BRA,1391.372,75.5
1377,2017,CAN,5150.47,81.93333333333334
1378,2017,CHE,6866.474,83.63333333333333
1379,2017,CHL,2119.552,80.2
1380,2017,CHN,730.375,76.53333333333333
1381,2017,COL,1139.442,75.96666666666667
1382,2017,CRI,1445.438,80.16666666666667
1383,2017,CZE,2969.542,79.06666666666666
1384,2017,DEU,5970.163,81.06666666666666
1385,2017,DNK,5112.959,81.13333333333333
1386,2017,ESP,3317.935,83.36666666666666
1387,2017,EST,2201.474,78.26666666666667
1388,2017,FIN,4215.309,81.7
1389,2017,FRA,5005.756,82.66666666666667
1390,2017,GBR,4059.125,81.3
1391,2017,GRC,2250.844,81.36666666666667
1392,2017,HRV,1762.651,77.96666666666667
1393,2017,HUN,1997.273,75.93333333333334
1394,2017,IND,197.698,69.2
1395,2017,IRL,4683.366,82.2
1396,2017,ISL,4111.255,82.66666666666667
1397,2017,ISR,2626.181,82.63333333333333
1398,2017,ITA,3376.084,83.03333333333333
1399,2017,JPN,4412.852,84.2
1400,2017,KOR,2802.355,82.7
1401,2017,LTU,2230.97,75.66666666666667
1402,2017,LUX,4989.031,82.13333333333334
1403,2017,LVA,1676.419,74.8
1404,2017,MEX,1099.647,74.89999999999999
1405,2017,NLD,5253.774,81.8
1406,2017,NOR,6234.379,82.66666666666667
1407,2017,NZL,3842.325,81.89999999999999
1408,2017,POL,2062.735,77.83333333333333
1409,2017,PRT,2906.395,81.53333333333333
1410,2017,ROU,1413.858,75.26666666666667
1411,2017,SVK,1974.466,77.26666666666667
1412,2017,SVN,2832.649,81.13333333333334
1413,2017,SWE,5219.411,82.46666666666665
1414,2017,TUR,1175.655,78.06666666666666
1415,2017,USA,10046.472,78.6
1416,2018,AUS,5193.845,82.76666666666667
1417,2018,AUT,5518.538,81.76666666666667
1418,2018,BEL,5315.194,81.66666666666667
1419,2018,BGR,1766.905,75.03333333333333
1420,2018,BRA,1437.449,75.7
1421,2018,CAN,5308.356,81.96666666666667
1422,2018,CHE,6930.7,83.8
1423,2018,CHL,2281.148,80.43333333333334
1424,2018,CHN,810.568,76.76666666666667
1425,2018,COL,1191.885,76.53333333333333
1426,2018,CRI,1529.721,80.33333333333333
1427,2018,CZE,3128.523,79.10000000000001
1428,2018,DEU,6281.84,80.96666666666665
1429,2018,DNK,5306.704,81.0
1430,2018,ESP,3427.341,83.5
1431,2018,EST,2364.073,78.39999999999999
1432,2018,FIN,4330.443,81.8
1433,2018,FRA,5099.306,82.76666666666667
1434,2018,GBR,4189.708,81.3
1435,2018,GRC,2314.696,81.86666666666667
1436,2018,HRV,1882.165,78.2
1437,2018,HUN,2105.71,76.16666666666667
1438,2018,IND,214.59,69.43333333333334
1439,2018,IRL,4870.689,82.23333333333333
1440,2018,ISL,4235.661,82.89999999999999
1441,2018,ISR,2748.975,82.86666666666667
1442,2018,ITA,3495.868,83.39999999999999
1443,2018,JPN,4554.276,84.3
1444,2018,KOR,3078.831,82.7
1445,2018,LTU,2396.809,75.86666666666667
1446,2018,LUX,5292.055,82.33333333333333
1447,2018,LVA,1860.969,74.96666666666665
1448,2018,MEX,1122.178,75.03333333333335
1449,2018,NLD,5488.774,81.86666666666667
1450,2018,NOR,6495.078,82.8
1451,2018,NZL,3913.078,81.73333333333333
1452,2018,POL,2106.662,77.7
1453,2018,PRT,3134.128,81.43333333333334
1454,2018,ROU,1659.316,75.39999999999999
1455,2018,SVK,2008.975,77.36666666666667
1456,2018,SVN,3045.106,81.46666666666667
1457,2018,SWE,5419.273,82.60000000000001
1458,2018,TUR,1205.305,78.3
1459,2018,USA,10451.386,78.7
1460,2019,AUS,5130.234,82.93333333333334
1461,2019,AUT,5624.014,81.96666666666667
1462,2019,BEL,5352.871,82.06666666666666
1463,2019,BGR,1795.621,75.16666666666667
1464,2019,BRA,1497.734,75.89999999999999
1465,2019,CAN,5189.721,82.16666666666667
1466,2019,CHE,6942.41,83.96666666666665
1467,2019,CHL,2296.988,80.63333333333334
1468,2019,CHN,894.357,76.96666666666667
1469,2019,COL,1293.363,76.66666666666667
1470,2019,CRI,1556.168,80.46666666666667
1471,2019,CZE,3272.224,79.3
1472,2019,DEU,6407.928,81.33333333333333
1473,2019,DNK,5359.776,81.5
1474,2019,ESP,3522.767,83.93333333333334
1475,2019,EST,2452.289,78.83333333333333
1476,2019,FIN,4382.414,82.06666666666666
1477,2019,FRA,5167.839,82.93333333333334
1478,2019,GBR,4385.463,81.43333333333334
1479,2019,GRC,2349.574,81.7
1480,2019,HRV,1957.096,78.56666666666666
1481,2019,HUN,2094.079,76.43333333333334
1482,2019,IND,230.721,69.73333333333333
1483,2019,IRL,4947.222,82.76666666666667
1484,2019,ISL,4318.269,83.2
1485,2019,ISR,2790.798,82.86666666666667
1486,2019,ITA,3565.301,83.56666666666666
1487,2019,JPN,4610.794,84.4
1488,2019,KOR,3277.225,83.3
1489,2019,LTU,2682.067,76.43333333333334
1490,2019,LUX,5359.77,82.7
1491,2019,LVA,1997.636,75.56666666666666
1492,2019,MEX,1117.235,75.10000000000001
1493,2019,NLD,5649.34,82.16666666666667
1494,2019,NOR,6476.412,83.0
1495,2019,NZL,4249.593,82.10000000000001
1496,2019,POL,2232.347,78.0
1497,2019,PRT,3223.676,81.8
1498,2019,ROU,1844.269,75.66666666666667
1499,2019,SVK,2115.452,77.76666666666667
1500,2019,SVN,3221.895,81.60000000000001
1501,2019,SWE,5387.733,83.16666666666667
1502,2019,TUR,1231.634,78.60000000000001
1503,2019,USA,10855.517,78.83333333333333
1504,2020,AUS,5627.315,83.23333333333333
1505,2020,AUT,5882.745,81.26666666666667
1506,2020,BEL,5274.091,80.8
1507,2020,BGR,2116.889,73.7
1508,2020,CAN,5828.324,81.73333333333333
1509,2020,CHE,7178.56,83.06666666666666
1510,2020,CHL,2412.752,80.83333333333333
1511,2020,COL,1335.877,76.76666666666667
1512,2020,CRI,1622.353,80.63333333333333
1513,2020,CZE,3805.143,78.3
1514,2020,DEU,6938.983,81.10000000000001
1515,2020,DNK,5693.651,81.63333333333333
1516,2020,ESP,3718.054,82.39999999999999
1517,2020,EST,2729.229,78.76666666666667
1518,2020,FIN,4565.507,82.0
1519,2020,FRA,5468.418,82.26666666666667
1520,2020,GBR,5018.7,80.4
1521,2020,GRC,2486.091,81.36666666666667
1522,2020,HRV,2079.502,77.8
1523,2020,HUN,2401.999,75.66666666666667
1524,2020,IRL,5372.814,82.60000000000001
1525,2020,ISL,4620.158,83.1
1526,2020,ISR,3057.408,82.76666666666667
1527,2020,ITA,3747.172,82.26666666666667
1528,2020,JPN,4665.641,84.66666666666667
1529,2020,KOR,3582.313,83.5
1530,2020,LTU,2881.844,75.1
1531,2020,LUX,5596.378,82.2
1532,2020,LVA,2201.907,75.36666666666666
1533,2020,MEX,1226.736,75.23333333333333
1534,2020,NLD,6189.722,81.39999999999999
1535,2020,NOR,6536.093,83.26666666666667
1536,2020,NZL,4469.383,82.3
1537,2020,POL,2286.111,76.56666666666666
1538,2020,PRT,3348.203,81.06666666666666
1539,2020,ROU,2051.588,74.3
1540,2020,SVK,2134.307,76.96666666666667
1541,2020,SVN,3497.545,80.60000000000001
1542,2020,SWE,5757.291,82.39999999999999
1543,2020,USA,11859.179,77.03333333333335
1544,2021,AUT,6693.307,81.3
1545,2021,CHL,2595.85,81.03333333333333
1546,2021,DEU,7382.634,80.9
1547,2021,DNK,6384.169,81.43333333333334
1548,2021,EST,2989.125,76.86666666666667
1549,2021,ISL,5096.439,83.16666666666667
1550,2021,ITA,4037.787,82.86666666666666
1551,2021,LTU,3309.029,74.46666666666667
1552,2021,NOR,7064.761,83.2
1553,2021,POL,2567.724,75.66666666666667
1554,2021,PRT,3816.374,81.16666666666667
1555,2021,SWE,6262.31,83.2
